1922-08-11T08:19:41.000Z,1922,08,34.989,27.176,20,6.3,mw,,,,,iscgem,iscgem911973,2015-05-13T18:52:41.000Z,eastern Mediterranean Sea,earthquake,,,,,automatic,iscgem,iscgem
1923-08-01T08:16:27.000Z,1923,08,34.786,25.16,15,5.6,mw,,,,,iscgem,iscgem911481,2015-05-13T18:52:41.000Z,Crete, Greece,earthquake,,,,,automatic,iscgem,iscgem
1948-02-09T12:58:18.000Z,1948,02,35.631,27.153,15,7.3,mw,,,,,iscgem,iscgem897184,2019-12-29T20:15:08.025Z,Dodecanese Islands, Greece,earthquake,,,,,automatic,iscgem,iscgem
1950-09-23T06:23:46.000Z,1950,09,34.683,25.727,45,5.5,mw,,,,,iscgem,iscgem895856,2015-05-13T18:52:46.000Z,Crete, Greece,earthquake,,,,,automatic,iscgem,iscgem
1951-08-20T22:51:50.000Z,1951,08,34.778,23.989,35,5.3,mw,,,,,iscgemsup,iscgemsup894640,2015-07-13T17:02:22.000Z,Crete, Greece,earthquake,,,,,automatic,iscgem,iscgem
1951-10-01T01:26:37.000Z,1951,10,34.41,26.483,15,5.4,mw,,,,,iscgemsup,iscgemsup894761,2015-07-13T17:02:22.000Z,Crete, Greece,earthquake,,,,,automatic,iscgem,iscgem
1952-03-25T03:35:17.000Z,1952,03,34.86,23.229,15,5.3,mw,,,,,iscgemsup,iscgemsup892676,2015-07-13T17:02:23.000Z,Crete, Greece,earthquake,,,,,automatic,iscgem,iscgem
1952-12-17T23:04:02.000Z,1952,12,34.474,24.346,25,6.5,mw,,,,,iscgem,iscgem893906,2019-12-29T18:29:41.600Z,Crete, Greece,earthquake,,,,,automatic,iscgem,iscgem
1953-02-07T22:31:09.000Z,1953,02,34.727,24.131,15,5.5,mw,,,,,iscgem,iscgem891486,2015-05-13T18:52:48.000Z,Crete, Greece,earthquake,,,,,automatic,iscgem,iscgem
1955-04-22T10:02:25.000Z,1955,04,34.375,23.945,15,5.5,mw,,,,,iscgem,iscgem889454,2015-05-13T18:52:49.000Z,Crete, Greece,earthquake,,,,,automatic,iscgem,iscgem
1956-06-11T01:11:26.000Z,1956,06,34.242,26.247,15,5.3,mw,,,,,iscgemsup,iscgemsup888355,2015-07-13T17:02:23.000Z,Crete, Greece,earthquake,,,,,automatic,iscgem,iscgem
1956-07-30T05:41:04.000Z,1956,07,35.558,25.732,15,5.6,mw,,,,,iscgem,iscgem888535,2015-05-13T18:52:50.000Z,Crete, Greece,earthquake,,,,,automatic,iscgem,iscgem
1956-07-30T09:15:00.000Z,1956,07,35.777,26.095,15,6.1,mw,,,,,iscgem,iscgem888537,2015-05-13T18:52:50.000Z,Crete, Greece,earthquake,,,,,automatic,iscgem,iscgem
1956-07-30T10:40:00.000Z,1956,07,36,25.917,15,5.7,mw,,,,,iscgem,iscgem888539,2015-05-13T18:52:50.000Z,Dodecanese Islands, Greece,earthquake,,,,,automatic,iscgem,iscgem
1956-09-06T11:46:38.000Z,1956,09,35.664,25.961,15,5.8,mw,,,,,iscgem,iscgem888663,2015-05-13T18:52:50.000Z,Crete, Greece,earthquake,,,,,automatic,iscgem,iscgem
1956-09-16T18:07:38.000Z,1956,09,35.516,25.778,15,5.4,mw,,,,,iscgem,iscgem888699,2015-05-13T18:52:50.000Z,Crete, Greece,earthquake,,,,,automatic,iscgem,iscgem
1957-10-05T11:36:48.000Z,1957,10,34.402,26.762,15,5.4,mw,,,,,iscgemsup,iscgemsup887321,2015-07-13T17:02:23.000Z,Crete, Greece,earthquake,,,,,automatic,iscgem,iscgem
1958-07-15T07:59:20.000Z,1958,07,35.36,23.668,15,5.3,mw,,,,,iscgemsup,iscgemsup884745,2015-07-13T17:02:23.000Z,Crete, Greece,earthquake,,,,,automatic,iscgem,iscgem
1959-05-14T06:37:00.000Z,1959,05,35.113,24.632,35,6.1,mw,,,,,iscgem,iscgem882012,2019-12-28T21:05:32.011Z,Crete, Greece,earthquake,,,,,automatic,iscgem,iscgem
1959-06-10T04:16:08.000Z,1959,06,35.484,23.549,35,5.4,mw,,,,,iscgemsup,iscgemsup882208,2015-07-13T17:02:23.000Z,Crete, Greece,earthquake,,,,,automatic,iscgem,iscgem
1959-11-29T23:49:46.000Z,1959,11,35.939,23.694,15,5.2,mw,,,,,iscgemsup,iscgemsup883379,2015-07-13T17:02:23.000Z,Crete, Greece,earthquake,,,,,automatic,iscgem,iscgem
1960-02-01T11:59:45.000Z,1960,02,35.19,23.035,35,5.5,mw,,,,,iscgem,iscgem878165,2015-05-13T18:52:54.000Z,Crete, Greece,earthquake,,,,,automatic,iscgem,iscgem
1962-04-28T11:19:03.000Z,1962,04,36.021,26.86,65,5.8,mw,,,,,iscgem,iscgem874645,2015-05-13T18:52:56.000Z,Dodecanese Islands, Greece,earthquake,,,,,automatic,iscgem,iscgem
1962-04-28T12:43:52.000Z,1962,04,35.978,26.755,65,5.6,mw,,,,,iscgem,iscgem874646,2015-05-13T18:52:56.000Z,Crete, Greece,earthquake,,,,,automatic,iscgem,iscgem
1962-09-10T09:36:25.000Z,1962,09,34.587,26.78,25,5.6,mw,,,,,iscgem,iscgem875315,2015-05-13T18:52:56.000Z,Crete, Greece,earthquake,,,,,automatic,iscgem,iscgem
1965-04-09T23:57:06.000Z,1965,04,35.047,24.318,65,6.2,mw,,,,,iscgem,iscgem857618,2019-12-28T17:21:42.314Z,Crete, Greece,earthquake,,,,,automatic,iscgem,iscgem
1965-04-27T14:09:10.000Z,1965,04,35.626,23.425,60,6.1,mw,,,,,iscgem,iscgem858076,2019-12-28T17:22:12.593Z,Crete, Greece,earthquake,,,,,automatic,iscgem,iscgem
1966-05-09T00:42:56.000Z,1966,05,34.425,26.455,25,6,mw,,,,,iscgem,iscgem847303,2015-05-13T18:53:00.000Z,Crete, Greece,earthquake,,,,,automatic,iscgem,iscgem
1969-06-12T15:13:32.000Z,1969,06,34.414,25.169,22.4,6.1,mw,,,,,iscgem,iscgem807959,2015-05-13T18:53:03.000Z,Crete, Greece,earthquake,,,,,automatic,iscgem,iscgem
1972-05-04T21:40:01.000Z,1972,05,35.182,23.55,35,6.3,mw,,,,,iscgem,iscgem773147,2019-12-23T21:14:31.443Z,Crete, Greece,earthquake,,,,,automatic,iscgem,iscgem
1973-04-06T14:13:54.200Z,1973,04,34.431,25.25,16,5.1,mb,,,,,us,usp000019b,2014-11-06T23:21:10.913Z,Crete, Greece,earthquake,,,,,reviewed,us,us
1973-11-29T10:57:42.700Z,1973,11,35.181,23.797,26,5.7,mb,,,,,us,usp00004bj,2017-04-26T17:27:15.156Z,Crete, Greece,earthquake,,,,,reviewed,us,us
1973-12-05T03:50:51.400Z,1973,12,35.44,26.447,80,5.1,mb,,,,,us,usp00004ed,2014-11-06T23:21:21.724Z,Crete, Greece,earthquake,,,,,reviewed,us,us
1973-12-24T20:22:45.400Z,1973,12,34.706,24.623,37,5.2,ms,,,,,us,usp00004n5,2014-11-06T23:21:21.974Z,Crete, Greece,earthquake,,,,,reviewed,us,us
1974-04-07T14:22:47.100Z,1974,04,34.75,24.699,29,5,ms,,,,,us,usp00005wn,2014-11-06T23:21:23.639Z,Crete, Greece,earthquake,,,,,reviewed,us,us
1975-09-22T00:44:57.700Z,1975,09,35.288,26.232,63,5.3,mb,,,,,us,usp0000cwn,2014-11-06T23:21:32.094Z,Crete, Greece,earthquake,,,,,reviewed,us,us
1975-12-10T18:12:28.700Z,1975,12,34.15,25.781,52,5.1,mb,,,,,us,usp0000dvq,2014-11-06T23:21:32.906Z,Crete, Greece,earthquake,,,,,reviewed,us,us
1976-06-25T07:01:08.000Z,1976,06,35.088,23.311,33,5.4,ms,,,,,us,usp0000h1h,2014-11-06T23:21:35.891Z,Crete, Greece,earthquake,,,,,reviewed,us,us
1976-11-13T06:09:46.500Z,1976,11,34.971,23.325,29,5.1,mb,,,,,us,usp0000ka9,2014-11-06T23:21:38.201Z,Crete, Greece,earthquake,,,,,reviewed,us,us
1977-08-18T09:27:40.000Z,1977,08,35.225,23.395,42,5.3,ms,,,,,us,usp0000q5g,2016-11-09T23:16:25.718Z,Crete, Greece,earthquake,,,,,reviewed,us,us
1977-09-10T06:31:41.800Z,1977,09,34.933,23.015,33,5.1,ms,,,,,us,usp0000qjv,2014-11-06T23:21:44.075Z,Crete, Greece,earthquake,,,,,reviewed,us,us
1977-09-11T23:19:23.700Z,1977,09,35.048,23.029,33,6,ms,,,,,us,usp0000qkc,2016-11-09T23:27:26.998Z,Crete, Greece,earthquake,,,,,reviewed,us,us
1977-10-22T10:02:09.100Z,1977,10,34.95,23.161,33,5,mb,,,,,us,usp0000r65,2014-11-06T23:21:44.856Z,Crete, Greece,earthquake,,,,,reviewed,us,us
1978-01-29T10:23:43.300Z,1978,01,34.929,25.659,35,5.1,mb,,,,,us,usp0000srm,2014-11-06T23:21:46.780Z,Crete, Greece,earthquake,,,,,reviewed,us,us
1978-03-07T22:33:46.700Z,1978,03,34.499,25.258,42,5.4,mb,,,,,us,usp0000t9k,2016-11-09T22:01:42.865Z,Crete, Greece,earthquake,,,,,reviewed,us,us
1978-11-28T18:02:20.100Z,1978,11,36.162,26.371,123,5,mb,,,,,us,usp0000xnn,2014-11-06T23:21:54.148Z,Dodecanese Islands, Greece,earthquake,,,,,reviewed,us,us
1979-05-15T06:59:21.200Z,1979,05,34.53,24.437,33,5.6,ms,,,,,us,usp00010nh,2016-11-09T22:31:30.577Z,Crete, Greece,earthquake,,,,,reviewed,us,us
1979-06-15T11:34:15.600Z,1979,06,34.955,24.243,33,5.6,mb,,,,,us,usp00011ae,2016-11-09T22:45:53.802Z,Crete, Greece,earthquake,,,,,reviewed,us,us
1979-07-23T11:41:54.600Z,1979,07,35.483,26.322,33,5.2,mb,,,,,us,usp000120y,2016-11-09T23:02:58.991Z,Crete, Greece,earthquake,,,,,reviewed,us,us
1981-06-01T08:47:26.300Z,1981,06,35.445,26.307,78.2,5.1,mb,,,,1.1,us,usp0001dz5,2014-11-07T00:29:33.911Z,Crete, Greece,earthquake,,3.4,,64,reviewed,us,us
1982-09-20T01:22:11.450Z,1982,09,34.355,26.029,36.9,5,ms,,,,1.1,us,usp0001pq1,2014-11-07T00:31:54.195Z,Crete, Greece,earthquake,,4.2,,1,reviewed,us,us
1982-09-21T19:51:13.870Z,1982,09,34.356,26.05,32.4,5.2,mb,,,,1.1,us,usp0001pre,2014-11-07T00:31:54.460Z,Crete, Greece,earthquake,,6.1,,64,reviewed,us,us
1983-01-03T00:12:25.640Z,1983,01,34.533,24.383,73.5,5.4,mb,,,,0.9,us,usp0001ryw,2016-11-09T21:35:24.056Z,Crete, Greece,earthquake,,2.6,,73,reviewed,us,us
1983-03-19T21:41:42.880Z,1983,03,35.081,25.35,65,5.7,mb,,,,1,us,usp0001ts5,2016-11-09T22:06:45.603Z,Crete, Greece,earthquake,,,,64,reviewed,us,us
1984-01-14T22:15:03.650Z,1984,01,35.228,24.492,64.1,5,mb,,,,1.1,us,usp000218q,2014-11-07T00:34:22.977Z,Crete, Greece,earthquake,,2.7,,57,reviewed,us,us
1984-01-23T20:14:02.600Z,1984,01,35.179,27.219,33,5,mb,,,,1.2,us,usp00021gw,2014-11-07T00:34:24.047Z,Dodecanese Islands, Greece,earthquake,,,,3,reviewed,us,us
1984-03-13T20:35:04.500Z,1984,03,34.78,23.78,32,5,mb,,,,1.3,us,usp00022mw,2014-11-07T00:34:37.938Z,Crete, Greece,earthquake,,4.7,,62,reviewed,us,us
1984-06-21T10:43:42.120Z,1984,06,35.36,23.238,39.1,6.2,mw,,,,1.2,us,usp000255c,2017-04-26T17:37:54.360Z,Crete, Greece,earthquake,,3.1,,,reviewed,us,hrv
1985-09-27T16:39:48.750Z,1985,09,34.506,26.599,61.4,5.6,mw,,,,1.2,us,usp0002k6x,2016-11-09T23:35:14.085Z,Crete, Greece,earthquake,,,,,reviewed,us,hrv
1986-05-22T19:52:21.870Z,1986,05,34.63,26.528,43,5.5,mw,,,,1.1,us,usp0002uas,2016-11-09T22:35:03.635Z,Crete, Greece,earthquake,,5.2,,,reviewed,us,hrv
1986-10-05T05:12:15.980Z,1986,10,34.672,23.317,15.1,5,mb,,,,1.2,us,usp0002ypt,2014-11-07T00:39:07.340Z,Crete, Greece,earthquake,,,,63,reviewed,us,us
1987-04-12T02:47:20.110Z,1987,04,35.502,23.37,46.9,5.1,mw,,,,1.3,us,usp000343h,2016-11-09T22:17:02.704Z,Crete, Greece,earthquake,,4.8,,,reviewed,us,hrv
1988-09-05T20:03:25.460Z,1988,09,34.476,26.59,10.6,5.3,mw,,,,1.4,us,usp0003kq3,2016-11-09T23:24:54.842Z,Crete, Greece,earthquake,,5.3,,,reviewed,us,hrv
1989-03-17T05:42:54.430Z,1989,03,34.662,25.45,31.3,5.7,mw,,,,1.3,us,usp0003t03,2016-11-09T22:06:10.049Z,Crete, Greece,earthquake,,6.3,,,reviewed,us,hrv
1989-03-28T13:29:14.440Z,1989,03,34.234,24.729,57.2,5.5,mw,,,,1.1,us,usp0003td0,2016-11-09T22:10:58.485Z,Crete, Greece,earthquake,,,,,reviewed,us,hrv
1989-06-14T18:06:38.260Z,1989,06,34.289,26.055,13.8,5.5,mw,,,,1.2,us,usp0003w96,2016-11-09T22:45:37.530Z,Crete, Greece,earthquake,,4.6,,,reviewed,us,hrv
1989-08-27T01:21:17.920Z,1989,08,34.921,26.24,61,5.6,mw,,,,1.2,us,usp0003yy9,2016-11-09T23:20:52.816Z,Crete, Greece,earthquake,,,,,reviewed,us,hrv
1990-07-09T11:22:20.350Z,1990,07,35.066,26.64,59.8,5.4,mw,,,,1.2,us,usp0004bkj,2016-11-09T22:56:58.321Z,Crete, Greece,earthquake,,,,,reviewed,us,hrv
1991-03-15T03:24:09.000Z,1991,03,34.343,26.389,7.1,5.2,mb,,,,1.3,us,usp0004p2k,2014-11-07T00:48:12.131Z,Crete, Greece,earthquake,,4.1,,81,reviewed,us,us
1991-03-19T12:09:24.840Z,1991,03,34.825,26.335,22.7,5.6,mw,,,,1.3,us,usp0004p8a,2016-11-09T22:06:52.752Z,Crete, Greece,earthquake,,,,,reviewed,us,hrv
1991-10-15T23:00:55.060Z,1991,10,34.433,26.24,21.3,5.2,mb,,,,1.4,us,usp0004xvq,2014-11-07T00:49:24.204Z,Crete, Greece,earthquake,,6.7,,44,reviewed,us,us
1992-04-30T11:44:38.950Z,1992,04,35.059,26.655,20,5.8,mw,,,,1.1,us,usp00056qd,2016-11-09T22:25:14.588Z,Crete, Greece,earthquake,,,,,reviewed,us,hrv
1994-05-23T06:46:16.120Z,1994,05,35.559,24.727,76,6.1,mw,,,,1,us,usp0006cz2,2017-04-26T17:49:02.592Z,Crete, Greece,earthquake,,2.7,,,reviewed,us,hrv
1995-12-07T18:00:54.380Z,1995,12,34.795,24.103,33,5.6,mw,,,,1.2,us,usp00078hn,2016-11-10T00:09:02.874Z,Crete, Greece,earthquake,,,,,reviewed,us,hrv
1995-12-10T03:27:49.740Z,1995,12,34.825,24.11,39.5,5.3,mw,,,,1.3,us,usp00078q9,2016-11-10T00:10:34.634Z,Crete, Greece,earthquake,,,,,reviewed,us,hrv
1996-07-20T00:00:41.880Z,1996,07,36.147,27.103,33,6.2,mwc,,,,1,us,usp0007m9a,2016-11-10T00:40:46.776Z,Dodecanese Islands, Greece,earthquake,,,,,reviewed,us,hrv
1996-07-22T01:44:38.070Z,1996,07,36.147,27.218,33,5.1,mwc,,,,1.1,us,usp0007mcr,2016-11-09T23:02:44.200Z,Dodecanese Islands, Greece,earthquake,,,,,reviewed,us,hrv
1997-03-18T11:26:16.010Z,1997,03,34.187,26.154,20,5.1,mb,,,,1.22,us,usp0007z0q,2014-11-07T01:02:20.422Z,Crete, Greece,earthquake,,,,71,reviewed,us,us
1997-11-05T12:22:55.460Z,1997,11,34.771,23.977,33,5.4,mwc,,,,1.13,us,usp0008a4f,2016-11-09T23:53:51.650Z,Crete, Greece,earthquake,,,,,reviewed,us,hrv
2000-02-22T11:55:25.630Z,2000,02,34.598,25.599,33,5.3,mwc,,,,1.19,us,usp0009nu4,2016-11-09T21:56:05.518Z,Crete, Greece,earthquake,,,,,reviewed,us,hrv
2000-03-10T22:01:45.970Z,2000,03,34.356,26.029,10,5.3,mwc,,,,0.98,us,usp0009phq,2016-11-09T22:02:47.014Z,Crete, Greece,earthquake,,,,,reviewed,us,hrv
2000-04-05T04:36:58.800Z,2000,04,34.22,25.69,38,5.5,mwc,,,,,us,usp0009que,2016-11-09T22:14:04.973Z,Crete, Greece,earthquake,,,,,reviewed,ath,hrv
2000-06-13T01:43:14.430Z,2000,06,35.146,27.125,10,5.4,mwc,261,,,1.32,us,usp0009ugd,2016-11-09T22:44:51.313Z,Dodecanese Islands, Greece,earthquake,,,,,reviewed,us,hrv
2001-11-26T05:03:21.010Z,2001,11,34.82,24.28,33,5.3,mwc,402,,,1.32,us,usp000atge,2016-11-10T00:03:22.897Z,Crete, Greece,earthquake,,,,,reviewed,us,hrv
2002-01-22T04:53:52.650Z,2002,01,35.79,26.617,88,6.2,mwc,390,,,0.95,us,usp000awya,2017-04-13T22:15:04.392Z,Crete, Greece,earthquake,,,,,reviewed,us,hrv
2002-06-06T22:35:41.980Z,2002,06,35.648,26.183,87.4,5.2,mwc,161,,,1.45,us,usp000b5nw,2016-11-09T22:41:37.055Z,Crete, Greece,earthquake,,,,,reviewed,us,hrv
2002-10-12T05:58:50.110Z,2002,10,34.772,26.371,10,5.4,mwc,362,,,1.23,us,usp000bebt,2016-11-09T23:42:12.760Z,Crete, Greece,earthquake,,,,,reviewed,us,hrv
2004-02-07T21:17:24.200Z,2004,02,36.04,26.91,25,5.1,mwc,423,35.3,,,us,usp000ckns,2016-11-10T00:25:33.126Z,Dodecanese Islands, Greece,earthquake,,,,,reviewed,ath,hrv
2004-03-17T05:21:00.800Z,2004,03,34.589,23.326,24.5,6.1,mwb,656,46.8,,1.01,us,usp000cq54,2016-11-10T00:28:57.428Z,Crete, Greece,earthquake,,,,,reviewed,us,us
2004-11-04T06:22:39.400Z,2004,11,35.945,23.115,74.4,5.3,mwb,599,45.5,,1.1,us,usp000d7nu,2016-11-10T00:50:54.063Z,Crete, Greece,earthquake,,,,,reviewed,us,us
2005-08-04T10:45:30.420Z,2005,08,34.887,26.497,9,5,mwc,280,54.2,,1.07,us,usp000dwng,2016-11-10T01:09:53.967Z,Crete, Greece,earthquake,,4.9,,,reviewed,us,hrv
2005-11-25T09:30:56.900Z,2005,11,35.02,23.32,32,5.2,mwc,450,51.4,,,us,usp000e4vn,2016-11-10T01:14:59.216Z,Crete, Greece,earthquake,,,,,reviewed,ath,hrv
2006-08-13T10:35:12.700Z,2006,08,34.42,26.566,32.5,5.3,mwc,490,42.3,,1.32,us,usp000eqv5,2016-11-10T01:26:56.638Z,Crete, Greece,earthquake,,,,,reviewed,us,hrv
2006-08-22T09:23:21.200Z,2006,08,35.24,27.12,31,5.1,mwc,365,52.1,,,us,usp000ergj,2016-11-10T01:27:19.353Z,Dodecanese Islands, Greece,earthquake,,,,,reviewed,ath,hrv
2007-09-23T00:54:29.600Z,2007,09,35.27,27.12,24,5.3,mwc,399,41.5,,,us,usp000fnxd,2016-11-10T01:45:50.883Z,Dodecanese Islands, Greece,earthquake,,,,,reviewed,ath,gcmt
2008-03-28T00:16:19.900Z,2008,03,34.758,25.345,45,5.6,mwb,560,41.6,,1.19,us,usp000g2h6,2016-11-10T01:53:38.450Z,Crete, Greece,earthquake,,,,,reviewed,us,us
2008-06-12T00:20:45.600Z,2008,06,35.11,26.19,29,5.1,mwc,522,41.4,,,us,usp000g99e,2016-11-10T01:57:17.244Z,Crete, Greece,earthquake,,,,,reviewed,ath,gcmt
2009-01-13T06:12:42.900Z,2009,01,35.66,26.39,42,5.3,mwc,186,30.4,,,us,usp000gshs,2016-11-10T02:06:35.605Z,Crete, Greece,earthquake,,,,,reviewed,ath,gcmt
2009-07-01T09:30:10.410Z,2009,07,34.164,25.471,19,6.4,mwc,396,20.5,,0.82,us,usp000gytt,2016-11-10T02:14:00.257Z,Crete, Greece,earthquake,,,,,reviewed,us,us
2010-04-24T15:01:12.600Z,2010,04,34.45,26.01,34.5,5.4,mwc,306,42.2,,,us,usp000hbuw,2016-11-10T02:27:27.738Z,Crete, Greece,earthquake,,,,,reviewed,ath,gcmt
2010-10-03T15:20:57.810Z,2010,10,34.927,26.541,10,5.3,mwc,233,50.9,,1.14,us,usp000hmj5,2016-11-10T02:34:11.144Z,Crete, Greece,earthquake,,,,,reviewed,us,gcmt
2011-02-28T07:49:07.000Z,2011,02,34.98,25.42,53,5.7,mwc,241,40.1,,,us,usp000hv5x,2015-05-13T18:53:59.000Z,Crete, Greece,earthquake,,,,,reviewed,ath,gcmt
2011-04-01T13:29:10.690Z,2011,04,35.662,26.56,59.9,6,mww,395,23.9,,,us,usp000hz2h,2015-05-13T18:53:59.000Z,Crete, Greece,earthquake,,,,,reviewed,ath,us
2011-05-19T20:39:03.330Z,2011,05,34.377,23.723,26,5.2,mwc,146,74.3,,1.16,us,usp000j1us,2014-11-07T01:44:52.569Z,Crete, Greece,earthquake,,9.6,,,reviewed,us,gcmt
2011-09-13T16:19:31.890Z,2011,09,34.409,23.722,41.2,5.2,mwc,224,51.8,,1.11,us,usp000j808,2014-11-07T01:45:53.374Z,Crete, Greece,earthquake,,3.6,,,reviewed,us,gcmt
2011-09-27T12:08:22.900Z,2011,09,34.52,23.78,28,5.3,mwc,289,41.4,,,us,usp000j8mm,2014-11-07T01:45:57.565Z,Crete, Greece,earthquake,,,,,reviewed,ath,gcmt
2011-11-23T12:17:51.280Z,2011,11,34.285,25.083,10,5.5,mwc,345,42.1,,1.03,us,usp000jba2,2015-03-24T02:19:02.877Z,Crete, Greece,earthquake,,,,,reviewed,us,gcmt
2012-01-26T04:24:58.300Z,2012,01,36.06,25.07,29,5.2,mb,315,22.1,,,us,usp000jdzp,2014-11-07T01:46:50.503Z,Dodecanese Islands, Greece,earthquake,,,,94,reviewed,ath,us
2012-01-27T01:33:24.000Z,2012,01,36.044,25.064,5.2,5.3,mwc,249,22.3,,,us,usp000je0w,2014-11-07T01:46:50.789Z,Dodecanese Islands, Greece,earthquake,,,,,reviewed,the,gcmt
2012-09-12T03:27:46.310Z,2012,09,34.783,24.11,32.4,5.5,mww,590,41.2,,0.89,us,usp000js6n,2015-03-24T02:06:52.937Z,Crete, Greece,earthquake,,3.3,,,reviewed,us,us
2013-04-06T11:26:07.360Z,2013,04,34.804,24.087,34.1,5.3,mb,341,41.1,,0.84,us,usb000g171,2015-01-30T09:53:04.022Z,60km SE of Palaiochora, Greece,earthquake,,3.7,,237,reviewed,us,us
2013-06-15T16:11:02.500Z,2013,06,34.4,25.02,10,6.2,mww,122,100,,,us,usc000hrl4,2015-01-30T04:04:46.759Z,61km S of Pirgos, Greece,earthquake,,,,,reviewed,ath,us
2013-06-16T21:39:05.780Z,2013,06,34.347,25.159,19,6,mww,611,42,,0.87,us,usc000hsdj,2015-01-30T04:16:10.436Z,81km S of Pirgos, Greece,earthquake,,,,,reviewed,us,us
2013-06-16T21:43:15.210Z,2013,06,34.326,24.998,10,5.1,mb,106,68,,1.17,us,usp000k19r,2014-11-07T01:51:05.263Z,Crete, Greece,earthquake,,,,63,reviewed,us,us
2013-10-12T13:11:53.350Z,2013,10,355.142,232.523,40,6.6,mww,,40,1.984,1.21,us,usb000kbn7,2017-10-11T20:41:10.500Z,31km W of Platanos, Greece,earthquake,,1.9,,,reviewed,us,us
2014-06-01T12:05:51.900Z,2014,06,347.337,246.177,30.6,5.1,mb,,,,0.95,us,usc000r9tn,2015-01-31T01:36:02.647Z,39km SSW of Tympakion, Greece,earthquake,,4.1,0.04,209,reviewed,ath,us
2014-10-03T22:20:45.530Z,2014,10,344.354,263.013,15.49,5.1,mww,,42,1.314,0.79,us,usb000simv,2014-12-23T01:42:00.040Z,74km SSE of Makry Gialos, Greece,earthquake,6.2,3.6,,,reviewed,us,us
2015-01-28T15:54:39.020Z,2015,01,344.562,250.882,37,5.1,mww,,42,0.845,0.78,us,usb000tixk,2015-04-24T16:54:51.040Z,60km S of Pirgos, Greece,earthquake,6.4,1.9,,,reviewed,us,us
2015-03-27T23:34:54.300Z,2015,03,357.086,266.225,66.96,5.2,mww,,41,0.467,1.01,us,us10001rdw,2015-06-12T01:53:25.040Z,58km WNW of Karpathos, Greece,earthquake,6.2,4.7,,,reviewed,us,us
2015-04-16T18:07:43.610Z,2015,04,351.891,268.235,20,6,mww,,25,0.451,0.83,us,us2000272b,2017-10-11T21:04:01.190Z,49km SW of Karpathos, Greece,earthquake,6,1.7,,,reviewed,us,us
2015-04-16T19:02:12.040Z,2015,04,350.647,268.768,10,5,mb,,51,0.534,0.94,us,us20002732,2015-06-26T23:15:54.040Z,57km SSW of Karpathos, Greece,earthquake,6.4,1.8,0.037,236,reviewed,us,us
2015-04-17T02:05:40.330Z,2015,04,350.337,267.848,15.38,5.3,mww,,49,0.597,0.83,us,us2000277l,2015-06-26T23:15:54.040Z,52km ESE of Palaikastron, Greece,earthquake,3.9,2.5,,,reviewed,us,us
2015-05-02T08:23:46.300Z,2015,05,34.45,25.78,13,5,mb,,,,0.8,us,us20002au8,2015-07-09T22:00:06.040Z,62km S of Ierapetra, Greece,earthquake,6.8,2,0.048,138,reviewed,ath,us
2015-06-09T21:49:46.700Z,2015,06,35.04,26.79,16,5.4,mww,,,,1.07,us,us20002ney,2015-08-10T13:08:27.040Z,52km ESE of Palaikastron, Greece,earthquake,5,3,,,reviewed,ath,us
2015-06-20T19:52:43.900Z,2015,06,343.082,262.262,15.25,5,mb,,45,0.804,0.86,us,us10002kjx,2015-09-01T00:53:52.040Z,84km SSE of Makry Gialos, Greece,earthquake,5.7,3.3,0.041,186,reviewed,us,us
2016-04-03T00:46:15.800Z,2016,04,34.19,25.73,9,5.1,mb,,,,0.99,us,us20005e7c,2016-06-17T21:45:11.040Z,90km S of Ierapetra, Greece,earthquake,5.4,3.3,0.042,186,reviewed,ath,us
2016-04-16T00:10:41.290Z,2016,04,349.371,257.577,10,5,mwr,,42,0.792,0.72,us,us20005ivy,2016-06-27T23:01:46.040Z,8km SSE of Ierapetra, Greece,earthquake,7.1,1.9,0.05,39,reviewed,us,us
2016-05-25T08:36:13.730Z,2016,05,349.521,262.106,10,5.3,mww,,42,0.978,1.28,us,us20005xrv,2016-08-03T22:33:44.040Z,25km ESE of Makry Gialos, Greece,earthquake,5.6,1.8,,,reviewed,us,us
2016-07-30T17:26:22.250Z,2016,07,352.905,229.493,23.39,5.2,mb,,25,1.587,1.18,us,us100068tv,2016-10-19T04:51:51.040Z,62km WSW of Platanos, Greece,earthquake,6.3,4,0.026,473,reviewed,us,us
2017-01-25T18:50:51.790Z,2017,01,353.583,264.196,56.63,5.2,mww,,41,1.252,0.91,us,us10007vdu,2017-04-19T18:31:00.040Z,23km NE of Palaikastron, Greece,earthquake,5.6,5.2,,,reviewed,us,us
2017-07-15T20:30:17.110Z,2017,07,34.925,254.294,9.93,5.3,mww,,39,0.571,0.6,us,us20009wn5,2017-07-23T05:04:22.343Z,25km WSW of Gra Liyia, Greece,earthquake,3.8,3.4,0.066,22,reviewed,us,us
2017-07-31T21:29:14.690Z,2017,07,345.158,240.577,39.02,5.3,mww,,43,1.03,0.8,us,us2000a30v,2017-10-18T01:54:12.040Z,86km SSE of Palaiochora, Greece,earthquake,7,5.7,0.083,14,reviewed,us,us
2019-01-10T18:24:41.280Z,2019,01,345.801,266.262,36.37,5,mb,,43,1.059,1.2,us,us2000j2mg,2019-04-02T20:51:02.040Z,76km SSE of Palaikastron, Greece,earthquake,6.4,6.5,0.05,129,reviewed,us,us
2019-08-11T07:02:49.770Z,2019,08,343.087,250.038,10,5,mb,,63,0.981,0.87,us,us600053n2,2019-10-29T20:33:58.040Z,77km S of Pirgos, Greece,earthquake,7.6,1.9,0.033,287,reviewed,us,us
2019-11-27T07:23:41.797Z,2019,11,35.693,232.237,63.48,6,mww,,18,1.418,1.18,us,us70006dlt,2019-12-31T13:13:38.682Z,42km NW of Platanos, Greece,earthquake,6.5,3.8,0.051,37,reviewed,us,us
2019-12-10T21:58:28.724Z,2019,12,355.012,264.405,56.64,5.4,mww,,22,0.589,0.77,us,us60006pxs,2019-12-30T01:57:29.857Z,37km NNE of Palaikastron, Greece,earthquake,5.8,4.5,0.068,21,reviewed,us,us
2019-12-12T03:05:41.155Z,2019,12,347.811,263.012,22.66,5.1,mb,,168,1.263,0.78,us,us60006qe2,2019-12-12T07:26:54.199Z,42km SE of Makry Gialos, Greece,earthquake,7.1,10.2,0.044,166,reviewed,us,us
